--
-- PostgreSQL database dump
--

-- Dumped from database version 15.6 (Ubuntu 15.6-0ubuntu0.23.10.1)
-- Dumped by pg_dump version 15.6 (Ubuntu 15.6-0ubuntu0.23.10.1)

SET statement_timeout = 0;
SET lock_timeout = 0;
SET idle_in_transaction_session_timeout = 0;
SET client_encoding = 'UTF8';
SET standard_conforming_strings = on;
SELECT pg_catalog.set_config('search_path', '', false);
SET check_function_bodies = false;
SET xmloption = content;
SET client_min_messages = warning;
SET row_security = off;

SET default_tablespace = '';

SET default_table_access_method = heap;

--
-- Name: auth_group; Type: TABLE; Schema: public; Owner: mrgomez
--

CREATE TABLE public.auth_group (
    id integer NOT NULL,
    name character varying(150) NOT NULL
);


ALTER TABLE public.auth_group OWNER TO mrgomez;

--
-- Name: auth_group_id_seq; Type: SEQUENCE; Schema: public; Owner: mrgomez
--

ALTER TABLE public.auth_group ALTER COLUMN id ADD GENERATED BY DEFAULT AS IDENTITY (
    SEQUENCE NAME public.auth_group_id_seq
    START WITH 1
    INCREMENT BY 1
    NO MINVALUE
    NO MAXVALUE
    CACHE 1
);


--
-- Name: auth_group_permissions; Type: TABLE; Schema: public; Owner: mrgomez
--

CREATE TABLE public.auth_group_permissions (
    id bigint NOT NULL,
    group_id integer NOT NULL,
    permission_id integer NOT NULL
);


ALTER TABLE public.auth_group_permissions OWNER TO mrgomez;

--
-- Name: auth_group_permissions_id_seq; Type: SEQUENCE; Schema: public; Owner: mrgomez
--

ALTER TABLE public.auth_group_permissions ALTER COLUMN id ADD GENERATED BY DEFAULT AS IDENTITY (
    SEQUENCE NAME public.auth_group_permissions_id_seq
    START WITH 1
    INCREMENT BY 1
    NO MINVALUE
    NO MAXVALUE
    CACHE 1
);


--
-- Name: auth_permission; Type: TABLE; Schema: public; Owner: mrgomez
--

CREATE TABLE public.auth_permission (
    id integer NOT NULL,
    name character varying(255) NOT NULL,
    content_type_id integer NOT NULL,
    codename character varying(100) NOT NULL
);


ALTER TABLE public.auth_permission OWNER TO mrgomez;

--
-- Name: auth_permission_id_seq; Type: SEQUENCE; Schema: public; Owner: mrgomez
--

ALTER TABLE public.auth_permission ALTER COLUMN id ADD GENERATED BY DEFAULT AS IDENTITY (
    SEQUENCE NAME public.auth_permission_id_seq
    START WITH 1
    INCREMENT BY 1
    NO MINVALUE
    NO MAXVALUE
    CACHE 1
);


--
-- Name: auth_user; Type: TABLE; Schema: public; Owner: mrgomez
--

CREATE TABLE public.auth_user (
    id integer NOT NULL,
    password character varying(128) NOT NULL,
    last_login timestamp with time zone,
    is_superuser boolean NOT NULL,
    username character varying(150) NOT NULL,
    first_name character varying(150) NOT NULL,
    last_name character varying(150) NOT NULL,
    email character varying(254) NOT NULL,
    is_staff boolean NOT NULL,
    is_active boolean NOT NULL,
    date_joined timestamp with time zone NOT NULL
);


ALTER TABLE public.auth_user OWNER TO mrgomez;

--
-- Name: auth_user_groups; Type: TABLE; Schema: public; Owner: mrgomez
--

CREATE TABLE public.auth_user_groups (
    id bigint NOT NULL,
    user_id integer NOT NULL,
    group_id integer NOT NULL
);


ALTER TABLE public.auth_user_groups OWNER TO mrgomez;

--
-- Name: auth_user_groups_id_seq; Type: SEQUENCE; Schema: public; Owner: mrgomez
--

ALTER TABLE public.auth_user_groups ALTER COLUMN id ADD GENERATED BY DEFAULT AS IDENTITY (
    SEQUENCE NAME public.auth_user_groups_id_seq
    START WITH 1
    INCREMENT BY 1
    NO MINVALUE
    NO MAXVALUE
    CACHE 1
);


--
-- Name: auth_user_id_seq; Type: SEQUENCE; Schema: public; Owner: mrgomez
--

ALTER TABLE public.auth_user ALTER COLUMN id ADD GENERATED BY DEFAULT AS IDENTITY (
    SEQUENCE NAME public.auth_user_id_seq
    START WITH 1
    INCREMENT BY 1
    NO MINVALUE
    NO MAXVALUE
    CACHE 1
);


--
-- Name: auth_user_user_permissions; Type: TABLE; Schema: public; Owner: mrgomez
--

CREATE TABLE public.auth_user_user_permissions (
    id bigint NOT NULL,
    user_id integer NOT NULL,
    permission_id integer NOT NULL
);


ALTER TABLE public.auth_user_user_permissions OWNER TO mrgomez;

--
-- Name: auth_user_user_permissions_id_seq; Type: SEQUENCE; Schema: public; Owner: mrgomez
--

ALTER TABLE public.auth_user_user_permissions ALTER COLUMN id ADD GENERATED BY DEFAULT AS IDENTITY (
    SEQUENCE NAME public.auth_user_user_permissions_id_seq
    START WITH 1
    INCREMENT BY 1
    NO MINVALUE
    NO MAXVALUE
    CACHE 1
);


--
-- Name: django_admin_log; Type: TABLE; Schema: public; Owner: mrgomez
--

CREATE TABLE public.django_admin_log (
    id integer NOT NULL,
    action_time timestamp with time zone NOT NULL,
    object_id text,
    object_repr character varying(200) NOT NULL,
    action_flag smallint NOT NULL,
    change_message text NOT NULL,
    content_type_id integer,
    user_id integer NOT NULL,
    CONSTRAINT django_admin_log_action_flag_check CHECK ((action_flag >= 0))
);


ALTER TABLE public.django_admin_log OWNER TO mrgomez;

--
-- Name: django_admin_log_id_seq; Type: SEQUENCE; Schema: public; Owner: mrgomez
--

ALTER TABLE public.django_admin_log ALTER COLUMN id ADD GENERATED BY DEFAULT AS IDENTITY (
    SEQUENCE NAME public.django_admin_log_id_seq
    START WITH 1
    INCREMENT BY 1
    NO MINVALUE
    NO MAXVALUE
    CACHE 1
);


--
-- Name: django_content_type; Type: TABLE; Schema: public; Owner: mrgomez
--

CREATE TABLE public.django_content_type (
    id integer NOT NULL,
    app_label character varying(100) NOT NULL,
    model character varying(100) NOT NULL
);


ALTER TABLE public.django_content_type OWNER TO mrgomez;

--
-- Name: django_content_type_id_seq; Type: SEQUENCE; Schema: public; Owner: mrgomez
--

ALTER TABLE public.django_content_type ALTER COLUMN id ADD GENERATED BY DEFAULT AS IDENTITY (
    SEQUENCE NAME public.django_content_type_id_seq
    START WITH 1
    INCREMENT BY 1
    NO MINVALUE
    NO MAXVALUE
    CACHE 1
);


--
-- Name: django_migrations; Type: TABLE; Schema: public; Owner: mrgomez
--

CREATE TABLE public.django_migrations (
    id bigint NOT NULL,
    app character varying(255) NOT NULL,
    name character varying(255) NOT NULL,
    applied timestamp with time zone NOT NULL
);


ALTER TABLE public.django_migrations OWNER TO mrgomez;

--
-- Name: django_migrations_id_seq; Type: SEQUENCE; Schema: public; Owner: mrgomez
--

ALTER TABLE public.django_migrations ALTER COLUMN id ADD GENERATED BY DEFAULT AS IDENTITY (
    SEQUENCE NAME public.django_migrations_id_seq
    START WITH 1
    INCREMENT BY 1
    NO MINVALUE
    NO MAXVALUE
    CACHE 1
);


--
-- Name: django_session; Type: TABLE; Schema: public; Owner: mrgomez
--

CREATE TABLE public.django_session (
    session_key character varying(40) NOT NULL,
    session_data text NOT NULL,
    expire_date timestamp with time zone NOT NULL
);


ALTER TABLE public.django_session OWNER TO mrgomez;

--
-- Name: t_app_product_product; Type: TABLE; Schema: public; Owner: mrgomez
--

CREATE TABLE public.t_app_product_product (
    id bigint NOT NULL,
    title character varying(100) NOT NULL,
    description text NOT NULL,
    price numeric(10,2) NOT NULL,
    category character varying(50) NOT NULL,
    created timestamp with time zone NOT NULL,
    important boolean NOT NULL,
    user_id integer NOT NULL,
    img character varying(100) NOT NULL,
    img1 character varying(100) NOT NULL,
    img2 character varying(100) NOT NULL,
    img3 character varying(100) NOT NULL,
    img4 character varying(100) NOT NULL,
    img5 character varying(100) NOT NULL
);


ALTER TABLE public.t_app_product_product OWNER TO mrgomez;

--
-- Name: t_app_product_product_id_seq; Type: SEQUENCE; Schema: public; Owner: mrgomez
--

ALTER TABLE public.t_app_product_product ALTER COLUMN id ADD GENERATED BY DEFAULT AS IDENTITY (
    SEQUENCE NAME public.t_app_product_product_id_seq
    START WITH 1
    INCREMENT BY 1
    NO MINVALUE
    NO MAXVALUE
    CACHE 1
);


--
-- Data for Name: auth_group; Type: TABLE DATA; Schema: public; Owner: mrgomez
--

COPY public.auth_group (id, name) FROM stdin;
\.


--
-- Data for Name: auth_group_permissions; Type: TABLE DATA; Schema: public; Owner: mrgomez
--

COPY public.auth_group_permissions (id, group_id, permission_id) FROM stdin;
\.


--
-- Data for Name: auth_permission; Type: TABLE DATA; Schema: public; Owner: mrgomez
--

COPY public.auth_permission (id, name, content_type_id, codename) FROM stdin;
1	Can add log entry	1	add_logentry
2	Can change log entry	1	change_logentry
3	Can delete log entry	1	delete_logentry
4	Can view log entry	1	view_logentry
5	Can add permission	2	add_permission
6	Can change permission	2	change_permission
7	Can delete permission	2	delete_permission
8	Can view permission	2	view_permission
9	Can add group	3	add_group
10	Can change group	3	change_group
11	Can delete group	3	delete_group
12	Can view group	3	view_group
13	Can add user	4	add_user
14	Can change user	4	change_user
15	Can delete user	4	delete_user
16	Can view user	4	view_user
17	Can add content type	5	add_contenttype
18	Can change content type	5	change_contenttype
19	Can delete content type	5	delete_contenttype
20	Can view content type	5	view_contenttype
21	Can add session	6	add_session
22	Can change session	6	change_session
23	Can delete session	6	delete_session
24	Can view session	6	view_session
25	Can add product	7	add_product
26	Can change product	7	change_product
27	Can delete product	7	delete_product
28	Can view product	7	view_product
\.


--
-- Data for Name: auth_user; Type: TABLE DATA; Schema: public; Owner: mrgomez
--

COPY public.auth_user (id, password, last_login, is_superuser, username, first_name, last_name, email, is_staff, is_active, date_joined) FROM stdin;
1	pbkdf2_sha256$600000$PLqGXMNvQiWEkI7XhxHWRz$Zqnfa/z94p43JQj4xRaPSzvzAf66RO6DoY21q6C4jq0=	2024-05-02 03:04:17.779861+00	f	mrgomez				f	t	2024-04-26 20:28:10.567+00
\.


--
-- Data for Name: auth_user_groups; Type: TABLE DATA; Schema: public; Owner: mrgomez
--

COPY public.auth_user_groups (id, user_id, group_id) FROM stdin;
\.


--
-- Data for Name: auth_user_user_permissions; Type: TABLE DATA; Schema: public; Owner: mrgomez
--

COPY public.auth_user_user_permissions (id, user_id, permission_id) FROM stdin;
\.


--
-- Data for Name: django_admin_log; Type: TABLE DATA; Schema: public; Owner: mrgomez
--

COPY public.django_admin_log (id, action_time, object_id, object_repr, action_flag, change_message, content_type_id, user_id) FROM stdin;
\.


--
-- Data for Name: django_content_type; Type: TABLE DATA; Schema: public; Owner: mrgomez
--

COPY public.django_content_type (id, app_label, model) FROM stdin;
1	admin	logentry
2	auth	permission
3	auth	group
4	auth	user
5	contenttypes	contenttype
6	sessions	session
7	t_app_product	product
\.


--
-- Data for Name: django_migrations; Type: TABLE DATA; Schema: public; Owner: mrgomez
--

COPY public.django_migrations (id, app, name, applied) FROM stdin;
1	contenttypes	0001_initial	2024-04-25 02:44:09.418962+00
2	auth	0001_initial	2024-04-25 02:44:09.688546+00
3	admin	0001_initial	2024-04-25 02:44:09.761741+00
4	admin	0002_logentry_remove_auto_add	2024-04-25 02:44:09.776207+00
5	admin	0003_logentry_add_action_flag_choices	2024-04-25 02:44:09.784614+00
6	contenttypes	0002_remove_content_type_name	2024-04-25 02:44:09.799021+00
7	auth	0002_alter_permission_name_max_length	2024-04-25 02:44:09.80824+00
8	auth	0003_alter_user_email_max_length	2024-04-25 02:44:09.817298+00
9	auth	0004_alter_user_username_opts	2024-04-25 02:44:09.826112+00
10	auth	0005_alter_user_last_login_null	2024-04-25 02:44:09.835604+00
11	auth	0006_require_contenttypes_0002	2024-04-25 02:44:09.84104+00
12	auth	0007_alter_validators_add_error_messages	2024-04-25 02:44:09.851366+00
13	auth	0008_alter_user_username_max_length	2024-04-25 02:44:09.869623+00
14	auth	0009_alter_user_last_name_max_length	2024-04-25 02:44:09.879259+00
15	auth	0010_alter_group_name_max_length	2024-04-25 02:44:09.890571+00
16	auth	0011_update_proxy_permissions	2024-04-25 02:44:09.899713+00
17	auth	0012_alter_user_first_name_max_length	2024-04-25 02:44:09.909076+00
18	sessions	0001_initial	2024-04-25 02:44:09.954242+00
19	t_app_product	0001_initial	2024-04-25 02:44:10.015363+00
20	t_app_product	0002_product_img	2024-04-25 02:44:10.044142+00
21	t_app_product	0003_alter_product_img	2024-04-25 02:44:10.06844+00
22	t_app_product	0004_product_img1_product_img2_product_img3_product_img4_and_more	2024-04-25 02:44:10.117938+00
\.


--
-- Data for Name: django_session; Type: TABLE DATA; Schema: public; Owner: mrgomez
--

COPY public.django_session (session_key, session_data, expire_date) FROM stdin;
4347xl04a1fps2ink806hv6phejrt1nl	.eJxVjEEOwiAQRe_C2hBKy9C6dO8ZyMwwSNVAUtqV8e7apAvd_vfef6mA25rD1mQJc1Rn1anT70bIDyk7iHcst6q5lnWZSe-KPmjT1xrleTncv4OMLX_riaAHsJS8Q8sDSiTXszNkbUI7Rj8lYgICIUsymoSeejaDBy_CXVLvDwK1ORk:1s0ZK4:hY9mwX8EGHJF0Hj06GS0aASfM7bt-hxaZlKO4o3AVfM	2024-05-11 04:06:00.143+00
85m5z122qvsdsrn22viezz9nyceoy605	.eJxVjEEOwiAQRe_C2hBKy9C6dO8ZyMwwSNVAUtqV8e7apAvd_vfef6mA25rD1mQJc1Rn1anT70bIDyk7iHcst6q5lnWZSe-KPmjT1xrleTncv4OMLX_riaAHsJS8Q8sDSiTXszNkbUI7Rj8lYgICIUsymoSeejaDBy_CXVLvDwK1ORk:1s0uLd:2dju63ZStwdIFECdJzalx46NXZSNzIm5sSXIcRQIWXA	2024-05-12 02:33:01.944+00
9izxhoczq6a8wjcmdxgtcv7354nd9siu	.eJxVjEEOwiAQRe_C2hBKy9C6dO8ZyMwwSNVAUtqV8e7apAvd_vfef6mA25rD1mQJc1Rn1anT70bIDyk7iHcst6q5lnWZSe-KPmjT1xrleTncv4OMLX_riaAHsJS8Q8sDSiTXszNkbUI7Rj8lYgICIUsymoSeejaDBy_CXVLvDwK1ORk:1s0o1C:rfsNVblT0w3YWSIBkr05M2xJIvPsmzn8Wwk2_URFEDQ	2024-05-11 19:47:30.29+00
frtr7hqpb5vyx28haaap7ut246f96gds	.eJxVjEEOwiAQRe_C2hBKy9C6dO8ZyMwwSNVAUtqV8e7apAvd_vfef6mA25rD1mQJc1Rn1anT70bIDyk7iHcst6q5lnWZSe-KPmjT1xrleTncv4OMLX_riaAHsJS8Q8sDSiTXszNkbUI7Rj8lYgICIUsymoSeejaDBy_CXVLvDwK1ORk:1s0Yni:gfSq4TOaRAN9_n5hA0ZAz1dkD9_DvUILN_iBcCnql4U	2024-05-11 03:32:34.743+00
jemxin8mjkhevjh84kljn0kzk0smr0ry	.eJxVjEEOwiAQRe_C2hBKy9C6dO8ZyMwwSNVAUtqV8e7apAvd_vfef6mA25rD1mQJc1Rn1anT70bIDyk7iHcst6q5lnWZSe-KPmjT1xrleTncv4OMLX_riaAHsJS8Q8sDSiTXszNkbUI7Rj8lYgICIUsymoSeejaDBy_CXVLvDwK1ORk:1s0ken:zSEfW62n1-mWGL8emUmt0LkmHunVU3wOS1gFUTGZUJI	2024-05-11 16:12:09.951+00
mwi7ak2wwzmx45f1j6uaep47dx1nkz89	.eJxVjEEOwiAQRe_C2hBKy9C6dO8ZyMwwSNVAUtqV8e7apAvd_vfef6mA25rD1mQJc1Rn1anT70bIDyk7iHcst6q5lnWZSe-KPmjT1xrleTncv4OMLX_riaAHsJS8Q8sDSiTXszNkbUI7Rj8lYgICIUsymoSeejaDBy_CXVLvDwK1ORk:1s0UZ0:dSLxxvT0tuVMG3wX4ge9XwjzAwtR_WVnXsGOd0T0-mU	2024-05-10 23:01:06.259+00
sxjgp255lqmydu5rh6nf0fogegztd85v	.eJxVjEEOwiAQRe_C2hBKy9C6dO8ZyMwwSNVAUtqV8e7apAvd_vfef6mA25rD1mQJc1Rn1anT70bIDyk7iHcst6q5lnWZSe-KPmjT1xrleTncv4OMLX_riaAHsJS8Q8sDSiTXszNkbUI7Rj8lYgICIUsymoSeejaDBy_CXVLvDwK1ORk:1s0TaH:GlQOVDiurWcT22kFy1dqmNQmsi9EagO9T0raIUYBTNQ	2024-05-10 21:58:21.683+00
9z31t04i0l2tpfnoh9ejzfvls5pty95p	.eJxVjMsOwiAQRf-FtSHDm7p07zcQYAapGkhKuzL-uzbpQrf3nHNfLMRtrWEbtIQZ2ZkJdvrdUswPajvAe2y3znNv6zInviv8oINfO9Lzcrh_BzWO-q0jaG3J-zIp6X1CJJuFmkACCJetRi3AKEgiE8qUXClghSuYUZJRBtj7A82NN40:1s2Mjb:8VgALb8PyQA1J4l1dAK-AtLBruqnhGlMiQUkM1Z-tDQ	2024-05-16 03:03:47.168518+00
tzzo8l9sw4fd5ozhcja78rnoojtmqwgg	.eJxVjMsOwiAQRf-FtSHDm7p07zcQYAapGkhKuzL-uzbpQrf3nHNfLMRtrWEbtIQZ2ZkJdvrdUswPajvAe2y3znNv6zInviv8oINfO9Lzcrh_BzWO-q0jaG3J-zIp6X1CJJuFmkACCJetRi3AKEgiE8qUXClghSuYUZJRBtj7A82NN40:1s2Mk5:Z-6ghaRhdifPQxPiae-U9-aADWuiNUAkcxb2-yF5np0	2024-05-16 03:04:17.784752+00
\.


--
-- Data for Name: t_app_product_product; Type: TABLE DATA; Schema: public; Owner: mrgomez
--

COPY public.t_app_product_product (id, title, description, price, category, created, important, user_id, img, img1, img2, img3, img4, img5) FROM stdin;
12	Bounce House	30x30	1.00	option1	2024-04-27 20:58:03.954+00	f	1	product_images/img_1_OJQOi2f.jpg	product_images/img_2_OziC2LQ.jpg	product_images/images.jpeg	product_images/img_4_8u8Xr37.jpg	product_images/img_5.jpg	product_images/img_6.jpg
9	Barbie Bounce House	17x30	1.00	option1	2024-04-27 20:53:36.445+00	f	1	product_images/img_1.jpeg	product_images/img_1.jpg	product_images/img_1.png	product_images/img_2.jpeg	product_images/img-placeholder-750x750.png	product_images/img-placeholder-750x750_tggKiRd.png
10	Bounce House	13x13	1.00	option1	2024-04-27 20:54:54.913+00	f	1	product_images/img_2.jpg	product_images/img_1_IE3Rqia.jpg	product_images/img_3.jpg	product_images/img_4.jpg	product_images/img-placeholder-750x750_OdVCofp.png	product_images/img-placeholder-750x750_Qr92Pbn.png
11	Bounce House	15x15	1.00	option1	2024-04-27 20:56:24.349+00	f	1	product_images/img_1_Dsqr7Qz.png	product_images/img_1_cJyuVRm.jpeg	product_images/img_1_zefE8Lj.jpg	product_images/img_3_Dp0HTKQ.jpg	product_images/img_4_jrDe93R.jpg	product_images/img_2_xWySHUa.jpg
13	Cocomelo Bounce House	15x15	1.00	option1	2024-04-27 20:59:00.056+00	f	1	product_images/img_1_b3Nzkil.jpeg	product_images/img_1_m6nVUzd.jpg	product_images/img_2_yqkTmzm.jpeg	product_images/img_2_pl5oGbq.jpg	product_images/img_3_kWk4cqJ.jpg	product_images/img_1_cInxcxm.jpeg
14	Cocomelon Bounce House	15x15	1.00	option1	2024-04-27 21:00:28.978+00	f	1	product_images/img_2_o4LJ2Hs.jpg	product_images/img_1_mv7k0bi.jpg	product_images/img-placeholder-750x750_8i8h6H2.png	product_images/img-placeholder-750x750_1s67lsJ.png	product_images/img-placeholder-750x750_rC8L0Kw.png	product_images/img-placeholder-750x750_22Mc5ot.png
15	Cotton Candy Machine	Cotton Candy Machine	1.00	option2	2024-04-27 21:01:23.109+00	f	1	product_images/img.jpg	product_images/img_C5aAkb5.jpg	product_images/img-placeholder-750x750_L6kHLDC.png	product_images/img-placeholder-750x750_dzRJrh2.png	product_images/img-placeholder-750x750_59lStfM.png	product_images/img-placeholder-750x750_xUR3MQo.png
16	Dancing Horse	Dancing Horse	1.00	option2	2024-04-27 21:03:34.249+00	f	1	product_images/img_1_9L9XJRP.png	product_images/img_2_Bl8vV8A.jpg	product_images/img_1_ovAHI80.jpg	product_images/img_4_6Y72B98.jpg	product_images/img_5_VIiQaoM.jpg	product_images/img_3_ZqlLGwz.jpg
17	Electric Tacklees Train	Electric Tacklees Train	1.00	option2	2024-04-27 21:45:04.278+00	f	1	product_images/img_1_paOUFjv.jpg	product_images/img_4_pk9BBnN.jpg	product_images/img_5_AppVSLl.jpg	product_images/img_6_endfF1q.jpg	product_images/img_12.jpg	product_images/img_11.jpg
19	Floding Chairs	Floding Chairs	1.00	option3	2024-04-27 21:47:25.726+00	f	1	product_images/img_Qd1H8Qf.jpg	product_images/IMG-20220115-WA0005.jpg	product_images/IMG-20220708-WA0005.jpg	product_images/Screenshot_20190811-162432_Facebook.jpg	product_images/img-placeholder-750x750_ZFF9OlF.png	product_images/img-placeholder-750x750_NLl7l1Z.png
20	Floding Table	Floding Table	1.00	option3	2024-04-27 21:48:14.789+00	f	1	product_images/FB_IMG_1681220111959.jpg	product_images/FB_IMG_1675184193888.jpg	product_images/FB_IMG_1681654660831.jpg	product_images/FB_IMG_1682813070247.jpg	product_images/IMG-20220115-WA0006.jpg	product_images/FB_IMG_1681220111959_gMAMgMo.jpg
21	Foam Party	Foam Party	1.00	option2	2024-04-27 21:49:19.989+00	f	1	product_images/img1.jpg	product_images/img2.jpg	product_images/img3.jpeg	product_images/img4.jpg	product_images/img1_NxVP0wu.jpg	product_images/img-placeholder-750x750_VPoYTcL.png
22	Game Trailer	Game Trailer	1.00	option2	2024-04-27 21:59:20.323+00	f	1	product_images/WhatsApp_Image_2024-04-27_at_15.57.42_57b0dc9d.jpg	product_images/WhatsApp_Image_2024-04-27_at_15.57.42_2770960f.jpg	product_images/WhatsApp_Image_2024-04-27_at_15.57.42_6e5f8a13.jpg	product_images/img_1_ZiTy2kl.jpg	product_images/img_2_gA8Mwx4.jpg	product_images/WhatsApp_Image_2024-04-27_at_15.57.42_5a10bf53.jpg
23	Generators	Generators	1.00	option3	2024-04-27 22:00:19.933+00	f	1	product_images/img_Xd07GyS.jpg	product_images/img_FSxMwpl.jpg	product_images/img-placeholder-750x750_ceBeLJJ.png	product_images/img-placeholder-750x750_2VG4iZF.png	product_images/img-placeholder-750x750_FQ1tNMi.png	product_images/img-placeholder-750x750_9ghQUWx.png
24	Mario Bross	Mario Bross 10x10	1.00	option1	2024-04-27 22:01:30.355+00	f	1	product_images/img_1_sBWJCMi.jpeg	product_images/img_2_vHooTi5.jpeg	product_images/img-placeholder-750x750_wYpaeQx.png	product_images/img-placeholder-750x750_LThwd22.png	product_images/img_6.jpeg	product_images/img_1_7QUycCm.jpeg
25	Mechanical Unicorn	Mechanical Unicorn	1.00	option1	2024-04-27 22:02:13.782+00	f	1	product_images/img_2_OiJGgC8.jpg	product_images/img_1_8MQsIvx.jpg	product_images/img_3_l8xeJHn.jpg	product_images/img_1_eHUhZ9p.jpg	product_images/img_3_fZk1GHa.jpg	product_images/img_2_Otk56PW.jpg
26	Mickey Bounce House	Mickey Bounce House 1010	1.00	option1	2024-04-27 22:03:09.384+00	f	1	product_images/img_2_rhGsLIu.jpg	product_images/img_1_GzXRZSX.jpg	product_images/img_3_dPpgJzk.jpg	product_images/img_2_cIQr6PH.jpg	product_images/img_1_Mzsh6ce.jpg	product_images/img_3_RTPJsJq.jpg
27	Minnios Bounce House	Minnios Bounce House 12x20	1.00	option1	2024-04-27 22:04:06.508+00	f	1	product_images/img_1_wDKGMxN.png	product_images/img_2_1omQjhA.jpg	product_images/img_3_1mf0TbB.jpg	product_images/img_1_xEIBm9e.jpg	product_images/img_1_F9yKP52.png	product_images/img_2_kcKOpok.jpg
28	Orange Mechanicall Bull	Orange Mechanicall Bull	1.00	option1	2024-04-27 22:05:03.836+00	f	1	product_images/img_3_8krwtRR.jpeg	product_images/img_2_TcdlueB.jpeg	product_images/img_4_aRANtAk.jpeg	product_images/img_1_emxm2Ae.jpeg	product_images/img_3_IlLouwW.jpeg	product_images/img_2_aQC80ps.jpeg
29	Pirate Ship Bounce House	Pirate Ship Bounce House	1.00	option1	2024-04-27 22:16:37.244+00	f	1	product_images/img_2_Gib1f7V.jpg	product_images/img_3_r5RQjBV.jpg	product_images/img_1_XthmFJm.jpg	product_images/img_2_70kyv1O.jpg	product_images/img_3_yWYmJRM.jpg	product_images/img_1_XOAQnUT.jpg
3	Ubuntu	test	1.00	option1	2024-04-27 05:28:50.144878+00	f	1	product_images/images.jpeg	product_images/background.jpg	product_images/images_Mk2oA6A.jpeg	product_images/zorin.jpeg	product_images/background_3dJxk7N.jpg	product_images/images_uyMadHs.jpeg
4	mario	adfadfa	12.00	option1	2024-04-27 16:09:56.032896+00	f	1	product_images/zorin.jpeg	product_images/background.jpg	product_images/img-placeholder-750x750_OdVCofp_2syN7pD.png	product_images/img-placeholder-750x750_OdVCofp_sjMeCw9.png	product_images/img-placeholder-750x750_OdVCofp_9QFJqNm.png	product_images/img-placeholder-750x750_OdVCofp_hWkzDvA.png
30	Pj Mask Bounce House	Pj Mask Bounce House 15x15	1.00	option1	2024-04-27 22:17:33.089+00	f	1	product_images/img_-_copia.png	product_images/img_9Tas8N9.jpg	product_images/img.png	product_images/img_-_copia_pB6tf4m.png	product_images/img_7pu4Mzi.jpg	product_images/img_0vzHy5d.png
31	Pool Pit Balls	Pool Pit Balls 8x12	1.00	option1	2024-04-27 22:18:32.918+00	f	1	product_images/img_1_pg4e0S9.png	product_images/img_4_sX6N0kX.jpg	product_images/img_3_L6E6c2R.jpg	product_images/img_2_t5cNS2s.jpg	product_images/img_1_kv1eJKp.png	product_images/img_1_pRidZMD.jpg
33	Princes Bounce House	Princes Bounce House 10x10	1.00	option1	2024-04-27 22:20:24.908+00	f	1	product_images/img_4_5Luyd4F.jpg	product_images/img_1_UPKaQWc.jpg	product_images/img_2_P3yipnP.jpg	product_images/img_3_ySi7Sgd.jpg	product_images/img_5_X3exT0c.jpg	product_images/img_3_fDrGKcO.jpg
34	Princess Bounce House	Princess Bounce House 17x30	1.00	option1	2024-04-27 22:21:47.035+00	f	1	product_images/img_6_DyK5YE2.jpg	product_images/img_1_088KZSZ.jpg	product_images/img_4_qk93Z5s.jpg	product_images/img_7.jpg	product_images/img_1_1ECTOOd.jpg	product_images/img_2_59R20wF.jpg
35	Racetrack For Rent	Racetrack For Rent	1.00	option1	2024-04-27 22:22:34.921+00	f	1	product_images/img1_NNC1u1j.jpg	product_images/img6.png	product_images/img4_ht3FEqQ.jpg	product_images/img3.jpg	product_images/img2_uxldGqe.jpg	product_images/img4_ZpzRP48.jpg
36	Red Mechanical Bull	Red Mechanical Bull	1.00	option2	2024-04-27 22:24:02.88+00	f	1	product_images/img_afwbzoj.jpg	product_images/img_4_fb5pDss.jpg	product_images/img_3_BlKawXj.jpg	product_images/img_9.jpg	product_images/img_6_npGmSbp.jpg	product_images/img_7_5ryYyAx.jpg
37	Robot Led	Robot Led	1.00	option2	2024-04-27 22:25:09.436+00	f	1	product_images/img_1_ND8YW1U.jpeg	product_images/img_9_Y5r0cJ3.jpg	product_images/img_2_l1VE1Zy.jpg	product_images/img_3_kqnuE7P.jpg	product_images/img_6_EDZ0Rfg.jpg	product_images/img_8.jpg
38	Silde Bounce House	Silde Bounce House 16x26	1.00	option1	2024-04-27 22:26:09.876+00	f	1	product_images/img_8Dvnqga.png	product_images/img_xFuQTcG.jpg	default_product_image.jpg	default_product_image.jpg	default_product_image.jpg	default_product_image.jpg
39	Slide Pool Bounce House	Slide Pool Bounce House 16x16	1.00	option1	2024-04-27 22:27:04.505+00	f	1	product_images/img_3.png	product_images/img_2_lMjE1Cx.jpg	product_images/img_1_ASKueRk.jpg	product_images/img_2.png	product_images/img_2_qIsOoeY.jpg	product_images/img_3_8JXVccP.png
40	Soccer Field	Soccer Field	1.00	option1	2024-04-27 22:27:47.2+00	f	1	product_images/img_2_jkNJoVp.jpg	product_images/img_1_Tocmf53.jpg	product_images/img-placeholder-750x750_2Cd4YTs.png	product_images/img-placeholder-750x750_Hn8BFzB.png	product_images/img-placeholder-750x750_yuQERaP.png	product_images/img-placeholder-750x750_XmhVrHU.png
41	Super Hero Bounce House	Super Hero Bounce House 12x13	1.00	option1	2024-04-27 22:28:28.906+00	f	1	product_images/img_4_219lltY.jpg	product_images/img_3_9Go10NO.jpg	product_images/img_2_82DIJmh.jpg	product_images/img_4_9u7P2bd.jpg	product_images/img_1_xGkIutF.jpg	product_images/img_3_BBX3H5B.jpg
42	Unicorn Bounce House	Unicorn Bounce House13x12	1.00	option1	2024-04-27 22:29:28.433+00	f	1	product_images/img_2_1scKJr0.jpg	product_images/img_1_T7Qn1S2.jpeg	product_images/img_1_sQge8LG.jpg	product_images/img_4_trv6qiY.jpg	product_images/img_5_nYVfdSn.jpg	product_images/img_3_Q3f5uQO.jpg
43	aadfadf	adfadfad	1.00	option3	2024-05-02 03:03:26.709718+00	t	1	product_images/background_Klgi1sT.jpg	default_product_image.jpg	default_product_image.jpg	default_product_image.jpg	default_product_image.jpg	default_product_image.jpg
\.


--
-- Name: auth_group_id_seq; Type: SEQUENCE SET; Schema: public; Owner: mrgomez
--

SELECT pg_catalog.setval('public.auth_group_id_seq', 1, false);


--
-- Name: auth_group_permissions_id_seq; Type: SEQUENCE SET; Schema: public; Owner: mrgomez
--

SELECT pg_catalog.setval('public.auth_group_permissions_id_seq', 1, false);


--
-- Name: auth_permission_id_seq; Type: SEQUENCE SET; Schema: public; Owner: mrgomez
--

SELECT pg_catalog.setval('public.auth_permission_id_seq', 28, true);


--
-- Name: auth_user_groups_id_seq; Type: SEQUENCE SET; Schema: public; Owner: mrgomez
--

SELECT pg_catalog.setval('public.auth_user_groups_id_seq', 1, false);


--
-- Name: auth_user_id_seq; Type: SEQUENCE SET; Schema: public; Owner: mrgomez
--

SELECT pg_catalog.setval('public.auth_user_id_seq', 1, true);


--
-- Name: auth_user_user_permissions_id_seq; Type: SEQUENCE SET; Schema: public; Owner: mrgomez
--

SELECT pg_catalog.setval('public.auth_user_user_permissions_id_seq', 1, false);


--
-- Name: django_admin_log_id_seq; Type: SEQUENCE SET; Schema: public; Owner: mrgomez
--

SELECT pg_catalog.setval('public.django_admin_log_id_seq', 1, false);


--
-- Name: django_content_type_id_seq; Type: SEQUENCE SET; Schema: public; Owner: mrgomez
--

SELECT pg_catalog.setval('public.django_content_type_id_seq', 7, true);


--
-- Name: django_migrations_id_seq; Type: SEQUENCE SET; Schema: public; Owner: mrgomez
--

SELECT pg_catalog.setval('public.django_migrations_id_seq', 22, true);


--
-- Name: t_app_product_product_id_seq; Type: SEQUENCE SET; Schema: public; Owner: mrgomez
--

SELECT pg_catalog.setval('public.t_app_product_product_id_seq', 43, true);


--
-- Name: auth_group auth_group_name_key; Type: CONSTRAINT; Schema: public; Owner: mrgomez
--

ALTER TABLE ONLY public.auth_group
    ADD CONSTRAINT auth_group_name_key UNIQUE (name);


--
-- Name: auth_group_permissions auth_group_permissions_group_id_permission_id_0cd325b0_uniq; Type: CONSTRAINT; Schema: public; Owner: mrgomez
--

ALTER TABLE ONLY public.auth_group_permissions
    ADD CONSTRAINT auth_group_permissions_group_id_permission_id_0cd325b0_uniq UNIQUE (group_id, permission_id);


--
-- Name: auth_group_permissions auth_group_permissions_pkey; Type: CONSTRAINT; Schema: public; Owner: mrgomez
--

ALTER TABLE ONLY public.auth_group_permissions
    ADD CONSTRAINT auth_group_permissions_pkey PRIMARY KEY (id);


--
-- Name: auth_group auth_group_pkey; Type: CONSTRAINT; Schema: public; Owner: mrgomez
--

ALTER TABLE ONLY public.auth_group
    ADD CONSTRAINT auth_group_pkey PRIMARY KEY (id);


--
-- Name: auth_permission auth_permission_content_type_id_codename_01ab375a_uniq; Type: CONSTRAINT; Schema: public; Owner: mrgomez
--

ALTER TABLE ONLY public.auth_permission
    ADD CONSTRAINT auth_permission_content_type_id_codename_01ab375a_uniq UNIQUE (content_type_id, codename);


--
-- Name: auth_permission auth_permission_pkey; Type: CONSTRAINT; Schema: public; Owner: mrgomez
--

ALTER TABLE ONLY public.auth_permission
    ADD CONSTRAINT auth_permission_pkey PRIMARY KEY (id);


--
-- Name: auth_user_groups auth_user_groups_pkey; Type: CONSTRAINT; Schema: public; Owner: mrgomez
--

ALTER TABLE ONLY public.auth_user_groups
    ADD CONSTRAINT auth_user_groups_pkey PRIMARY KEY (id);


--
-- Name: auth_user_groups auth_user_groups_user_id_group_id_94350c0c_uniq; Type: CONSTRAINT; Schema: public; Owner: mrgomez
--

ALTER TABLE ONLY public.auth_user_groups
    ADD CONSTRAINT auth_user_groups_user_id_group_id_94350c0c_uniq UNIQUE (user_id, group_id);


--
-- Name: auth_user auth_user_pkey; Type: CONSTRAINT; Schema: public; Owner: mrgomez
--

ALTER TABLE ONLY public.auth_user
    ADD CONSTRAINT auth_user_pkey PRIMARY KEY (id);


--
-- Name: auth_user_user_permissions auth_user_user_permissions_pkey; Type: CONSTRAINT; Schema: public; Owner: mrgomez
--

ALTER TABLE ONLY public.auth_user_user_permissions
    ADD CONSTRAINT auth_user_user_permissions_pkey PRIMARY KEY (id);


--
-- Name: auth_user_user_permissions auth_user_user_permissions_user_id_permission_id_14a6b632_uniq; Type: CONSTRAINT; Schema: public; Owner: mrgomez
--

ALTER TABLE ONLY public.auth_user_user_permissions
    ADD CONSTRAINT auth_user_user_permissions_user_id_permission_id_14a6b632_uniq UNIQUE (user_id, permission_id);


--
-- Name: auth_user auth_user_username_key; Type: CONSTRAINT; Schema: public; Owner: mrgomez
--

ALTER TABLE ONLY public.auth_user
    ADD CONSTRAINT auth_user_username_key UNIQUE (username);


--
-- Name: django_admin_log django_admin_log_pkey; Type: CONSTRAINT; Schema: public; Owner: mrgomez
--

ALTER TABLE ONLY public.django_admin_log
    ADD CONSTRAINT django_admin_log_pkey PRIMARY KEY (id);


--
-- Name: django_content_type django_content_type_app_label_model_76bd3d3b_uniq; Type: CONSTRAINT; Schema: public; Owner: mrgomez
--

ALTER TABLE ONLY public.django_content_type
    ADD CONSTRAINT django_content_type_app_label_model_76bd3d3b_uniq UNIQUE (app_label, model);


--
-- Name: django_content_type django_content_type_pkey; Type: CONSTRAINT; Schema: public; Owner: mrgomez
--

ALTER TABLE ONLY public.django_content_type
    ADD CONSTRAINT django_content_type_pkey PRIMARY KEY (id);


--
-- Name: django_migrations django_migrations_pkey; Type: CONSTRAINT; Schema: public; Owner: mrgomez
--

ALTER TABLE ONLY public.django_migrations
    ADD CONSTRAINT django_migrations_pkey PRIMARY KEY (id);


--
-- Name: django_session django_session_pkey; Type: CONSTRAINT; Schema: public; Owner: mrgomez
--

ALTER TABLE ONLY public.django_session
    ADD CONSTRAINT django_session_pkey PRIMARY KEY (session_key);


--
-- Name: t_app_product_product t_app_product_product_pkey; Type: CONSTRAINT; Schema: public; Owner: mrgomez
--

ALTER TABLE ONLY public.t_app_product_product
    ADD CONSTRAINT t_app_product_product_pkey PRIMARY KEY (id);


--
-- Name: auth_group_name_a6ea08ec_like; Type: INDEX; Schema: public; Owner: mrgomez
--

CREATE INDEX auth_group_name_a6ea08ec_like ON public.auth_group USING btree (name varchar_pattern_ops);


--
-- Name: auth_group_permissions_group_id_b120cbf9; Type: INDEX; Schema: public; Owner: mrgomez
--

CREATE INDEX auth_group_permissions_group_id_b120cbf9 ON public.auth_group_permissions USING btree (group_id);


--
-- Name: auth_group_permissions_permission_id_84c5c92e; Type: INDEX; Schema: public; Owner: mrgomez
--

CREATE INDEX auth_group_permissions_permission_id_84c5c92e ON public.auth_group_permissions USING btree (permission_id);


--
-- Name: auth_permission_content_type_id_2f476e4b; Type: INDEX; Schema: public; Owner: mrgomez
--

CREATE INDEX auth_permission_content_type_id_2f476e4b ON public.auth_permission USING btree (content_type_id);


--
-- Name: auth_user_groups_group_id_97559544; Type: INDEX; Schema: public; Owner: mrgomez
--

CREATE INDEX auth_user_groups_group_id_97559544 ON public.auth_user_groups USING btree (group_id);


--
-- Name: auth_user_groups_user_id_6a12ed8b; Type: INDEX; Schema: public; Owner: mrgomez
--

CREATE INDEX auth_user_groups_user_id_6a12ed8b ON public.auth_user_groups USING btree (user_id);


--
-- Name: auth_user_user_permissions_permission_id_1fbb5f2c; Type: INDEX; Schema: public; Owner: mrgomez
--

CREATE INDEX auth_user_user_permissions_permission_id_1fbb5f2c ON public.auth_user_user_permissions USING btree (permission_id);


--
-- Name: auth_user_user_permissions_user_id_a95ead1b; Type: INDEX; Schema: public; Owner: mrgomez
--

CREATE INDEX auth_user_user_permissions_user_id_a95ead1b ON public.auth_user_user_permissions USING btree (user_id);


--
-- Name: auth_user_username_6821ab7c_like; Type: INDEX; Schema: public; Owner: mrgomez
--

CREATE INDEX auth_user_username_6821ab7c_like ON public.auth_user USING btree (username varchar_pattern_ops);


--
-- Name: django_admin_log_content_type_id_c4bce8eb; Type: INDEX; Schema: public; Owner: mrgomez
--

CREATE INDEX django_admin_log_content_type_id_c4bce8eb ON public.django_admin_log USING btree (content_type_id);


--
-- Name: django_admin_log_user_id_c564eba6; Type: INDEX; Schema: public; Owner: mrgomez
--

CREATE INDEX django_admin_log_user_id_c564eba6 ON public.django_admin_log USING btree (user_id);


--
-- Name: django_session_expire_date_a5c62663; Type: INDEX; Schema: public; Owner: mrgomez
--

CREATE INDEX django_session_expire_date_a5c62663 ON public.django_session USING btree (expire_date);


--
-- Name: django_session_session_key_c0390e0f_like; Type: INDEX; Schema: public; Owner: mrgomez
--

CREATE INDEX django_session_session_key_c0390e0f_like ON public.django_session USING btree (session_key varchar_pattern_ops);


--
-- Name: t_app_product_product_user_id_b85feb0c; Type: INDEX; Schema: public; Owner: mrgomez
--

CREATE INDEX t_app_product_product_user_id_b85feb0c ON public.t_app_product_product USING btree (user_id);


--
-- Name: auth_group_permissions auth_group_permissio_permission_id_84c5c92e_fk_auth_perm; Type: FK CONSTRAINT; Schema: public; Owner: mrgomez
--

ALTER TABLE ONLY public.auth_group_permissions
    ADD CONSTRAINT auth_group_permissio_permission_id_84c5c92e_fk_auth_perm FOREIGN KEY (permission_id) REFERENCES public.auth_permission(id) DEFERRABLE INITIALLY DEFERRED;


--
-- Name: auth_group_permissions auth_group_permissions_group_id_b120cbf9_fk_auth_group_id; Type: FK CONSTRAINT; Schema: public; Owner: mrgomez
--

ALTER TABLE ONLY public.auth_group_permissions
    ADD CONSTRAINT auth_group_permissions_group_id_b120cbf9_fk_auth_group_id FOREIGN KEY (group_id) REFERENCES public.auth_group(id) DEFERRABLE INITIALLY DEFERRED;


--
-- Name: auth_permission auth_permission_content_type_id_2f476e4b_fk_django_co; Type: FK CONSTRAINT; Schema: public; Owner: mrgomez
--

ALTER TABLE ONLY public.auth_permission
    ADD CONSTRAINT auth_permission_content_type_id_2f476e4b_fk_django_co FOREIGN KEY (content_type_id) REFERENCES public.django_content_type(id) DEFERRABLE INITIALLY DEFERRED;


--
-- Name: auth_user_groups auth_user_groups_group_id_97559544_fk_auth_group_id; Type: FK CONSTRAINT; Schema: public; Owner: mrgomez
--

ALTER TABLE ONLY public.auth_user_groups
    ADD CONSTRAINT auth_user_groups_group_id_97559544_fk_auth_group_id FOREIGN KEY (group_id) REFERENCES public.auth_group(id) DEFERRABLE INITIALLY DEFERRED;


--
-- Name: auth_user_groups auth_user_groups_user_id_6a12ed8b_fk_auth_user_id; Type: FK CONSTRAINT; Schema: public; Owner: mrgomez
--

ALTER TABLE ONLY public.auth_user_groups
    ADD CONSTRAINT auth_user_groups_user_id_6a12ed8b_fk_auth_user_id FOREIGN KEY (user_id) REFERENCES public.auth_user(id) DEFERRABLE INITIALLY DEFERRED;


--
-- Name: auth_user_user_permissions auth_user_user_permi_permission_id_1fbb5f2c_fk_auth_perm; Type: FK CONSTRAINT; Schema: public; Owner: mrgomez
--

ALTER TABLE ONLY public.auth_user_user_permissions
    ADD CONSTRAINT auth_user_user_permi_permission_id_1fbb5f2c_fk_auth_perm FOREIGN KEY (permission_id) REFERENCES public.auth_permission(id) DEFERRABLE INITIALLY DEFERRED;


--
-- Name: auth_user_user_permissions auth_user_user_permissions_user_id_a95ead1b_fk_auth_user_id; Type: FK CONSTRAINT; Schema: public; Owner: mrgomez
--

ALTER TABLE ONLY public.auth_user_user_permissions
    ADD CONSTRAINT auth_user_user_permissions_user_id_a95ead1b_fk_auth_user_id FOREIGN KEY (user_id) REFERENCES public.auth_user(id) DEFERRABLE INITIALLY DEFERRED;


--
-- Name: django_admin_log django_admin_log_content_type_id_c4bce8eb_fk_django_co; Type: FK CONSTRAINT; Schema: public; Owner: mrgomez
--

ALTER TABLE ONLY public.django_admin_log
    ADD CONSTRAINT django_admin_log_content_type_id_c4bce8eb_fk_django_co FOREIGN KEY (content_type_id) REFERENCES public.django_content_type(id) DEFERRABLE INITIALLY DEFERRED;


--
-- Name: django_admin_log django_admin_log_user_id_c564eba6_fk_auth_user_id; Type: FK CONSTRAINT; Schema: public; Owner: mrgomez
--

ALTER TABLE ONLY public.django_admin_log
    ADD CONSTRAINT django_admin_log_user_id_c564eba6_fk_auth_user_id FOREIGN KEY (user_id) REFERENCES public.auth_user(id) DEFERRABLE INITIALLY DEFERRED;


--
-- Name: t_app_product_product t_app_product_product_user_id_b85feb0c_fk_auth_user_id; Type: FK CONSTRAINT; Schema: public; Owner: mrgomez
--

ALTER TABLE ONLY public.t_app_product_product
    ADD CONSTRAINT t_app_product_product_user_id_b85feb0c_fk_auth_user_id FOREIGN KEY (user_id) REFERENCES public.auth_user(id) DEFERRABLE INITIALLY DEFERRED;


--
-- PostgreSQL database dump complete
--

